City,State,POPULATION_2010,POPULATION_2011,POPULATION_2012,POPULATION_2013,POPULATION_2014,POPULATION_2015,POPULATION_2016,POPULATION_2017,POPULATION_2018,POPULATION_2019,Postal Code
New York,New York,8190209,8272948,8346693,8396091,8433806,8463049,8469153,8437478,8390081,8336817,NY
Buffalo,New York,261275,260701,260155,260013,259548,258165,256816,256301,255781,255284,NY
Rochester,New York,210217,210491,210329,210179,209329,208561,207659,206410,206004,205695,NY
Yonkers,New York,196407,197584,198057,198769,199367,199667,200077,199873,199883,200370,NY
Syracuse,New York,145215,144526,144414,145044,144331,143816,143176,142287,142745,142327,NY
Albany,New York,97753,97956,98409,98488,98366,98232,97941,97735,97011,96460,NY
New Rochelle,New York,77233,77701,78328,79265,79342,79419,79455,79084,78822,78557,NY
Mount Vernon,New York,67399,67751,67844,68133,68213,68281,68245,67966,67655,67345,NY
Schenectady,New York,66151,66098,66087,65829,65846,65538,65076,65300,65345,65273,NY
Utica,New York,62209,62036,61886,61680,61289,60912,60618,60374,60040,59750,NY
White Plains,New York,56946,57183,57255,57647,57733,58020,58000,58388,58141,58109,NY
Hempstead village,New York,54081,54187,54982,55476,55488,55407,55367,55363,55246,55113,NY
Troy,New York,50081,50020,49848,49921,49968,49776,49597,49433,49354,49154,NY
Niagara Falls,New York,49996,49760,49526,49328,49083,48769,48526,48249,48012,47720,NY
Los Angeles,California,3795512,3820876,3851202,3881622,3909901,3938568,3963226,3975788,3977596,3979576,CA
San Diego,California,1305906,1319592,1336776,1355320,1375831,1387323,1402089,1412621,1421917,1423851,CA
San Jose,California,954940,970369,983530,1001279,1014273,1025980,1030242,1032335,1028020,1021795,CA
San Francisco,California,805505,815650,828876,839572,850750,863010,871512,878040,880696,881549,CA
Fresno,California,497769,501429,505414,508880,514100,518203,521426,525373,528814,531576,CA
Sacramento,California,467286,470902,474226,478214,482762,488133,494127,500777,507737,513624,CA
Long Beach,California,462431,464512,466873,468000,469109,470128,468719,466646,465865,462628,CA
Oakland,California,391406,396086,401104,406648,412901,418211,420947,424382,429056,433031,CA
Bakersfield,California,348987,353221,357312,362834,366954,371348,374699,377940,381714,384145,CA
Anaheim,California,336760,339831,342071,343832,344604,348251,350013,350476,350698,350365,CA
Santa Ana,California,325327,328227,330550,333716,333431,333417,333765,332627,331912,332318,CA
Riverside,California,305466,309472,312323,315510,317702,320483,323684,326882,329654,331360,CA
Stockton,California,292888,295363,297045,297493,301062,304550,307158,310143,311628,312697,CA
Irvine,California,213450,220303,229063,236057,247136,255382,265345,276000,281732,287401,CA
Chula Vista,California,244648,248318,252379,256691,259885,264206,266238,269046,270819,274492,CA
Fremont,California,214553,217391,221426,224796,228274,231687,233478,234544,237811,241110,CA
San Bernardino,California,210637,212159,213161,213789,214222,215325,216036,216902,216323,215784,CA
Modesto,California,203301,204017,205040,206075,207652,209245,211231,213000,214389,215196,CA
Fontana,California,197317,199880,201212,202670,203972,206163,208718,211122,213202,214547,CA
Moreno Valley,California,194240,196590,198214,200195,201831,202919,204711,206741,208889,213055,CA
Santa Clarita,California,208822,209843,210672,211376,212283,213184,213526,213734,213549,212979,CA
Oxnard,California,198539,199968,201105,202835,204560,206228,207455,208831,209271,208881,CA
Glendale,California,191720,192656,193859,195318,198232,199197,200118,201804,200688,199303,CA
Huntington Beach,California,191296,192995,194174,197107,199610,200653,200284,200938,200126,199223,CA
Ontario,California,164377,165756,166630,167096,168097,170210,172561,175334,180718,185010,CA
Rancho Cucamonga,California,166226,167928,169959,170815,173220,174203,175782,176921,177345,177603,CA
Santa Rosa,California,175238,176243,177093,178684,180585,181485,181909,181596,176750,176753,CA
Oceanside,California,168079,170008,171590,173175,174318,175189,175451,175884,175758,175742,CA
Elk Grove,California,153375,155615,158083,160251,162701,165997,169156,171425,172603,174775,CA
Garden Grove,California,171181,172957,173809,174422,174423,174343,174571,173422,172195,171644,CA
Corona,California,153052,154693,157405,158763,160419,163154,166067,167310,168476,169868,CA
Hayward,California,144835,146935,149406,151753,154376,157999,159331,160324,159760,159203,CA
Lancaster,California,156824,158078,158253,159055,159634,159813,159633,159434,158622,157601,CA
Salinas,California,150887,152412,153815,154958,155717,156244,156830,156463,155647,155465,CA
Palmdale,California,152936,153996,154861,156495,156770,156988,156739,156558,156158,155079,CA
Sunnyvale,California,140462,143805,146436,148055,149769,151630,153544,153217,152807,152703,CA
Pomona,California,149107,149693,150453,151072,152225,152407,152445,152468,151925,151691,CA
Escondido,California,144440,146099,147570,148794,149708,150683,151204,151220,151793,151625,CA
Torrance,California,145154,145769,146257,146671,146845,146950,146416,145781,144706,143592,CA
Roseville,California,119916,122725,124432,126769,128397,130018,132708,135077,138953,141500,CA
Pasadena,California,137111,137652,138097,139292,139529,141025,141601,141757,140906,141029,CA
Orange,California,137103,138539,139372,139972,139424,140503,140581,140251,139449,138669,CA
Fullerton,California,135291,136386,138103,138637,138840,139982,140454,139744,139273,138632,CA
Visalia,California,124869,125649,126420,127309,128482,129369,130662,132388,133428,134605,CA
Santa Clara,California,116761,117836,119337,120486,121967,126024,126429,126709,129085,130365,CA
Concord,California,122505,123518,124678,125888,127128,128303,129036,129592,129743,129295,CA
Thousand Oaks,California,126732,127325,127657,128224,128636,128632,128480,128229,127279,126813,CA
Simi Valley,California,124463,125019,125274,125868,126239,126123,125958,126107,125438,125613,CA
Victorville,California,116278,117891,119831,120697,121087,121442,121725,121988,121952,122385,CA
Vallejo,California,116137,116709,117599,118550,119602,120477,120949,121546,121677,121692,CA
Berkeley,California,112889,113968,115309,116944,118697,120749,121547,122164,121663,121363,CA
Fairfield,California,105598,106245,107497,109137,110727,112365,114456,115817,116678,117133,CA
Murrieta,California,104229,105370,106509,107361,108037,109372,111492,112995,114715,116223,CA
El Monte,California,113677,114101,114843,115414,115627,115824,115550,115514,115308,115487,CA
Carlsbad,California,105674,107460,108948,110665,111609,112662,113265,114477,115518,115382,CA
Temecula,California,100703,102640,104295,106073,108671,111140,112402,113987,114614,114761,CA
Clovis,California,96386,97557,98588,99631,101904,103828,106353,109316,111824,114584,CA
Costa Mesa,California,110221,111151,111790,112244,112485,112808,112933,113665,113302,113003,CA
Antioch,California,103080,104193,105565,107351,109071,110308,111088,111494,111578,111502,CA
Downey,California,111785,112215,112582,112858,113091,113260,112896,112426,111915,111126,CA
Richmond,California,103631,104882,106023,107083,107921,109062,109663,109860,110189,110567,CA
Jurupa Valley,California,95590,97195,98350,99469,100080,101460,103240,105760,108314,109527,CA
San Buenaventura (Ventura),California,107435,108306,109002,109339,109535,109668,109893,110093,110731,109106,CA
Inglewood,California,109658,110501,110866,110954,110840,110693,110271,109907,109038,108151,CA
Santa Maria,California,99689,100293,101116,102057,103021,104462,105811,106298,107218,107263,CA
Daly City,California,101262,102460,103915,104980,105887,106538,106882,106733,106869,106280,CA
West Covina,California,106123,106721,107082,107348,107447,107540,107437,106942,105964,105101,CA
San Mateo,California,97383,98518,99816,101323,102695,103509,104357,104389,104885,104430,CA
Norwalk,California,105544,105903,105976,106122,106189,106237,105844,105466,104798,103949,CA
Rialto,California,99329,100563,101278,101547,102031,102485,102896,103234,103232,103526,CA
Chico,California,86783,87269,87915,88362,89491,90369,91564,93066,94342,103301,CA
El Cajon,California,99823,100795,101537,102303,102789,103230,103527,103468,103041,102708,CA
Burbank,California,103351,103732,104077,104355,104405,104472,104097,104174,103349,102511,CA
Vista,California,93401,94355,95307,96211,96999,99623,100746,100740,100784,101638,CA
Vacaville,California,92557,93225,93660,94023,95394,96224,97994,99604,99949,100670,CA
San Marcos,California,83926,85001,86816,89423,92372,93199,94932,95614,96480,96664,CA
Hesperia,California,90279,91168,91568,91777,92071,92653,93251,94473,95013,95750,CA
Compton,California,96442,96933,97350,97600,97634,97639,97281,97047,96348,95605,CA
Menifee,California,77929,79665,81026,83045,84522,86411,88057,90104,92249,94756,CA
Tracy,California,83620,84302,84727,84872,85713,86953,89181,90701,91818,94740,CA
Mission Viejo,California,93225,94020,94627,96003,96622,96543,96149,95551,94925,94381,CA
Chino,California,78644,79591,79949,80799,84296,85169,87468,89601,91356,94371,CA
South Gate,California,94434,94591,94577,94674,94741,95597,95245,94848,94135,93444,CA
Redding,California,89895,90180,90397,90773,91120,90963,91203,91525,91606,92590,CA
Indio,California,79665,81046,82250,83358,85127,86917,88196,89438,90970,91765,CA
Carson,California,91599,91690,92162,92535,92684,92752,92572,92193,91626,91394,CA
Santa Barbara,California,88468,88605,89285,90082,90815,91275,91518,91517,91203,91364,CA
Westminster,California,89772,90710,91223,91624,91555,91582,91510,91176,90742,90643,CA
Santa Monica,California,89759,90476,91327,92050,92087,92422,92176,91747,91106,90401,CA
Livermore,California,81599,82589,83831,85448,87017,88248,89572,90137,90253,90189,CA
San Leandro,California,85119,85921,86976,88074,89195,90538,90706,90418,89713,88815,CA
Citrus Heights,California,83273,83781,84308,84924,85665,86543,87179,87675,87707,87796,CA
Hawthorne,California,84295,84922,85359,85863,86740,87669,87685,87308,86671,86068,CA
Redwood City,California,77010,77970,79188,81034,82741,85274,85293,86394,86105,85925,CA
Lake Forest,California,77552,78299,78727,79112,79678,81964,83019,83878,85381,85531,CA
Hemet,California,79090,80226,81033,81718,82541,83305,84121,84809,85148,85334,CA
Whittier,California,85319,85633,85968,86326,86482,86705,86600,86326,85791,85098,CA
Newport Beach,California,85329,86073,86522,86877,86688,86585,86510,85740,85074,84534,CA
Milpitas,California,66729,67124,68862,69944,73560,77485,77829,77874,80208,84196,CA
Chino Hills,California,74963,75639,76042,76285,76509,77826,78452,80115,83239,83853,CA
Alhambra,California,83160,83594,84120,84337,84786,84843,85221,84878,84373,83750,CA
Merced,California,79131,79705,80231,80703,81120,81775,82232,82589,83113,83676,CA
Manteca,California,67733,69244,70884,71761,73157,75088,76831,79079,81603,83028,CA
Mountain View,California,74236,75108,76507,77955,79150,80345,80821,81189,83168,82739,CA
Buena Park,California,80792,81553,82045,82717,82621,82770,82988,82619,82187,81788,CA
Pleasanton,California,70381,71133,72098,74026,77454,79265,82330,82831,82357,81777,CA
Folsom,California,72110,72542,73042,72782,74950,75935,76999,77798,78842,81328,CA
Tustin,California,75472,76227,77575,78122,80138,80088,80245,80121,79578,79348,CA
Lakewood,California,80079,80413,80672,80883,80927,80951,80895,80510,79907,79307,CA
Perris,California,69000,70426,71229,72295,73485,74613,76046,77563,78903,79291,CA
Napa,California,77185,77679,78168,78728,79384,79636,79616,79083,78946,78130,CA
Alameda,California,73946,74692,75637,76479,77509,78459,79091,79037,78344,77624,CA
Upland,California,73884,74465,74933,75188,75542,75970,76374,76778,76833,77140,CA
Bellflower,California,76624,76939,77202,77404,77532,77794,77581,77326,76906,76435,CA
San Ramon,California,71585,72174,72850,73560,74329,75138,75703,75795,75851,75995,CA
Baldwin Park,California,75421,75750,76183,76364,76375,76427,76219,75948,75572,75251,CA
Rancho Cordova,California,65067,65970,66725,67722,69389,70640,72162,73398,74478,75087,CA
Union City,California,69630,70597,71642,72552,73481,74343,75465,75227,74560,74107,CA
Turlock,California,68848,69251,69719,70261,70868,71776,72578,73241,73396,73631,CA
Apple Valley town,California,69307,70025,70381,70706,71141,71747,72262,72871,73349,73453,CA
Pittsburg,California,63522,64546,65523,66646,67974,69260,70798,72000,72450,72588,CA
Redlands,California,68807,69320,69637,69800,70209,70625,71027,71342,71416,71513,CA
Walnut Creek,California,64314,64827,65529,66812,67500,68747,69235,69645,69843,70166,CA
Camarillo,California,65257,65515,65656,65882,66517,67171,67141,67403,68883,69888,CA
Lynwood,California,69595,69661,70576,71146,71193,71397,70979,70685,70285,69887,CA
Davis,California,65584,65657,65781,66213,66545,67367,68028,68802,69220,69413,CA
Lake Elsinore,California,53627,55078,56044,57711,60111,61955,63807,66066,68051,69283,CA
Rocklin,California,57474,58426,58962,59613,60060,60908,62605,64654,67065,68823,CA
South San Francisco,California,63701,64448,65581,66237,66813,67221,67220,67180,67617,67789,CA
Yorba Linda,California,64390,65610,66282,66803,67359,67527,68033,67895,67589,67644,CA
Lodi,California,62253,62741,63048,63128,63620,64264,64578,65715,67003,67586,CA
Yuba City,California,65631,65364,65283,65538,65757,66134,66218,66564,66695,67010,CA
Redondo Beach,California,66933,67192,67438,67629,67673,67771,67809,67511,67206,66749,CA
Laguna Niguel,California,63119,63774,64134,64381,65079,65396,65145,66011,66079,66385,CA
Madera,California,61603,61907,62382,62749,63230,63690,64187,64941,65440,65860,CA
Tulare,California,59432,59789,60625,60905,61444,61915,62538,63486,64274,65496,CA
Palo Alto,California,64535,65345,66089,66613,66848,66782,67353,66960,66258,65364,CA
Dublin,California,45903,46804,48700,52027,54554,57545,59579,60797,63423,64826,CA
Santa Cruz,California,60578,61434,61954,62731,63172,64082,64396,64815,64643,64608,CA
San Clemente,California,63605,64255,64612,64845,64947,65142,65185,64973,64699,64558,CA
Brentwood,California,51813,52716,53508,54916,56854,58796,60571,62265,63760,64474,CA
Eastvale,California,54054,54966,55627,56247,57386,59231,60670,62309,63815,64157,CA
Encinitas,California,59684,60264,60890,61555,62023,62590,62921,62884,62750,62709,CA
Pico Rivera,California,62960,63221,63430,63597,63637,63670,63438,63133,62677,62027,CA
Montebello,California,62490,62903,63123,63279,63322,63379,63134,62823,62440,61954,CA
National City,California,58624,59042,59369,59776,60132,60721,60967,61083,61272,61394,CA
Woodland,California,55615,55786,56272,56713,57328,58385,59098,59923,60474,60548,CA
Petaluma,California,58037,58236,58728,59337,59753,60295,60468,60682,61826,60520,CA
La Habra,California,59108,59658,59970,60224,60421,60473,60292,60898,60778,60513,CA
Monterey Park,California,60218,60460,60645,60796,60832,60908,60830,60668,60198,59669,CA
Porterville,California,58197,58540,58708,58891,58995,59721,59699,59745,59685,59599,CA
Gardena,California,58835,59114,59368,59788,59843,59946,59873,59871,59540,59329,CA
Cupertino,California,58689,59172,59769,60198,60592,60519,60900,60588,60004,59276,CA
La Mesa,California,57149,57644,58099,58556,58855,59697,59751,59722,59389,59249,CA
Gilroy,California,49006,49700,50718,51893,52538,53259,55369,57549,58588,59032,CA
San Rafael,California,57797,58232,58448,58995,59130,59074,58918,58801,58704,58440,CA
Santee,California,53640,54523,55381,56151,56828,57471,57678,57825,57944,58081,CA
Arcadia,California,56322,56594,56801,57215,57513,57835,58238,58374,58385,57939,CA
Hanford,California,54463,54612,54524,54741,55086,55608,55663,56383,56971,57703,CA
Huntington Park,California,58125,58334,58524,58739,58908,58933,58701,58476,57998,57509,CA
Diamond Bar,California,55588,55854,56087,56233,56279,56429,56581,56334,56106,55720,CA
Novato,California,51970,52680,53221,54142,54856,55406,55913,55701,55640,55516,CA
Highland,California,53218,53671,53939,54150,54325,54553,54752,55198,55311,55417,CA
Fountain Valley,California,55470,55950,56318,56601,56671,56643,56423,56051,55663,55357,CA
Cathedral City,California,51452,52077,52478,52846,53187,53516,53943,54413,54793,55007,CA
Colton,California,52261,52712,52945,53105,53706,54291,54507,54680,54637,54824,CA
Rosemead,California,53795,54022,54215,54398,54429,54440,54332,54221,54226,54058,CA
Paramount,California,54104,54329,54580,54854,54914,54971,54789,54621,54259,53955,CA
Yucaipa,California,51474,51954,52280,52546,52730,52981,53186,53496,53557,53921,CA
Watsonville,California,51278,51593,51887,52412,52959,53528,53774,53919,53875,53856,CA
Delano,California,53130,53620,52403,52331,52447,52495,52568,52877,52921,53573,CA
West Sacramento,California,48842,49106,49528,49978,51637,52431,52933,53304,53601,53519,CA
Palm Desert,California,48684,49251,49775,50357,50916,51552,52077,52794,53129,53275,CA
Glendora,California,50376,50624,50795,51120,51065,51769,51882,51997,51846,51544,CA
Placentia,California,50994,51503,51838,52105,52108,52202,52154,51916,51538,51233,CA
Beaumont,California,37261,38514,39286,40337,41994,43479,45156,46848,49126,51063,CA
Aliso Viejo,California,47801,48474,49038,49538,49542,49499,50858,50982,51206,50887,CA
Cerritos,California,49042,49223,49384,49507,49532,49546,50346,50697,50288,49859,CA
Chicago,Illinois,2697477,2708114,2719141,2725731,2727066,2724344,2716723,2711069,2701423,2693976,IL
Aurora,Illinois,198207,199150,199648,199803,200189,200315,200799,200391,199199,197757,IL
Naperville,Illinois,142402,143205,144017,144892,146193,146975,147192,147619,148090,148449,IL
Joliet,Illinois,147524,147771,148084,147749,147592,147432,147802,147821,147730,147344,IL
Rockford,Illinois,153147,152129,151258,150608,149378,148465,147796,147008,146307,145609,IL
Springfield,Illinois,117138,117786,117928,117633,117489,117221,116536,115771,114840,114230,IL
Elgin,Illinois,108388,109225,109710,110149,111059,111992,112265,112103,111490,110849,IL
Peoria,Illinois,114980,115426,115798,116646,115955,115183,114227,112618,111449,110417,IL
Champaign,Illinois,81405,82330,83202,84112,84953,86218,87244,87839,87994,88909,IL
Waukegan,Illinois,89167,88998,88799,88897,88791,88369,88157,87615,86680,86075,IL
Cicero town,Illinois,84267,84438,84569,84601,84397,83884,83219,82399,81477,80796,IL
Bloomington,Illinois,76848,77308,78020,79269,78901,78414,78343,78134,77804,77330,IL
Arlington Heights village,Illinois,75252,75528,75918,76116,76145,75987,75795,75473,75116,74760,IL
Bolingbrook village,Illinois,73475,73789,73949,73909,74032,74142,74383,75003,75043,74545,IL
Evanston,Illinois,74585,75142,75723,75984,75994,75619,75243,74617,73990,73473,IL
Schaumburg village,Illinois,74294,74551,74775,74911,74903,74651,74592,74039,73388,72887,IL
Decatur,Illinois,76105,75922,75449,74955,74155,73265,72510,71790,71136,70746,IL
Palatine village,Illinois,68611,68886,69170,69378,69427,69302,68953,68506,67942,67482,IL
Skokie village,Illinois,64889,65087,65247,65328,65223,64888,64437,63847,63171,62700,IL
Des Plaines,Illinois,58454,58725,58978,59112,59104,58811,58430,58078,58854,58899,IL
Orland Park village,Illinois,56664,56968,57232,58470,58592,58531,58912,58579,58179,57857,IL
Tinley Park village,Illinois,56882,57086,57268,57372,57364,57195,56929,56553,56095,55773,IL
Oak Lawn village,Illinois,56732,56924,57078,57170,57106,56825,56456,55983,55430,55022,IL
Normal town,Illinois,52643,53119,54025,54667,54517,54294,54391,54452,54629,54469,IL
Berwyn,Illinois,56671,56791,56886,56914,56777,56436,55986,55435,54821,54391,IL
Mount Prospect village,Illinois,55082,55264,55417,55602,55770,55528,55156,54675,54116,53719,IL
Wheaton,Illinois,53104,53416,53576,53765,53769,53736,53518,53406,53108,52745,IL
Oak Park village,Illinois,51896,52013,52099,52254,52138,52405,52060,52149,52173,52381,IL
Hoffman Estates village,Illinois,51942,52147,52301,52396,52342,52098,51828,51463,51111,50932,IL
Houston,Texas,2100280,2126032,2161593,2199391,2241826,2286908,2309544,2316750,2318573,2320268,TX
San Antonio,Texas,1332299,1357120,1383075,1408339,1435456,1464043,1487843,1511154,1530016,1547253,TX
Dallas,Texas,1200350,1218282,1242115,1258835,1279098,1301329,1323916,1342479,1341802,1343573,TX
Austin,Texas,806164,828459,854482,875003,901170,921114,939447,951553,962469,978908,TX
Fort Worth,Texas,748441,764142,781046,796073,815057,835356,856177,874809,893216,909585,TX
El Paso,Texas,650671,664404,674941,674808,677235,676242,679955,681343,679875,681728,TX
Arlington,Texas,365892,370253,375629,378950,382721,388728,394384,397173,398123,398854,TX
Corpus Christi,Texas,305272,308103,312390,317043,320765,324672,325786,325568,326307,326586,TX
Plano,Texas,261234,267035,272329,274708,278226,283887,287269,287715,288747,287677,TX
Laredo,Texas,236807,241195,245728,249602,252734,255271,257862,259324,260856,262491,TX
Lubbock,Texas,231105,233928,236361,239708,244350,247950,251387,254432,256469,258862,TX
Garland,Texas,227345,230055,233698,234660,235590,237161,236310,238327,241709,239928,TX
Irving,Texas,216859,219859,225748,228943,232584,237201,239898,240608,241424,239798,TX
Frisco,Texas,118201,123515,128445,136794,144965,154390,164176,177730,188452,200490,TX
Amarillo,Texas,191249,193763,195404,196248,197200,197816,198694,199722,199183,199371,TX
McKinney,Texas,132934,137928,143510,149207,157143,163612,173577,182104,191748,199177,TX
Grand Prairie,Texas,175974,178903,182030,183891,185824,188411,192095,193973,193989,194543,TX
Brownsville,Texas,175362,178154,179652,180648,181656,181528,182311,182384,182333,182781,TX
Killeen,Texas,129024,130838,134240,136294,137589,140147,142854,145149,148683,151666,TX
Pasadena,Texas,149523,151156,152662,153532,154447,154530,154525,153858,152733,151227,TX
Midland,Texas,111276,113941,119794,124163,128352,133440,134935,136205,142173,146038,TX
McAllen,Texas,132093,134639,136277,137421,138719,139909,141888,142249,142530,143268,TX
Denton,Texas,117010,120101,123573,125030,128217,131154,134261,135629,138315,141541,TX
Mesquite,Texas,139963,141520,143365,143604,144508,144988,144681,144218,142520,140937,TX
Carrollton,Texas,119564,122527,125484,126545,128349,133060,133704,136054,137013,139248,TX
Waco,Texas,125377,126443,127494,129011,129860,131801,133421,136939,137886,139236,TX
Round Rock,Texas,100772,103864,106504,109547,112665,115981,120864,123684,128849,133372,TX
Abilene,Texas,117805,118762,119853,119797,120648,121707,121883,122186,122775,123420,TX
Odessa,Texas,99817,102009,105908,110158,114430,118421,117159,116418,120037,123334,TX
Pearland,Texas,94063,96271,99283,102832,106027,111267,115926,119312,121424,122460,TX
Richardson,Texas,99581,101660,103695,105166,109134,110883,113910,116237,119878,121323,TX
Sugar Land,Texas,108403,109854,111277,113490,116807,118405,118784,118967,118777,118488,TX
College Station,Texas,94666,95671,97761,100601,103469,108952,111068,114483,116035,117911,TX
Beaumont,Texas,117378,117908,117033,118068,117812,118603,118734,118953,117667,116825,TX
Lewisville,Texas,95930,97636,99703,101156,102963,103956,105030,106439,106938,109212,TX
League City,Texas,84096,86278,88242,90790,94121,97860,101669,104442,106005,107536,TX
Tyler,Texas,97140,98015,98941,99730,101557,102712,103904,104738,105668,106985,TX
Allen,Texas,84921,87680,89812,92173,94215,98344,99742,101214,103577,105623,TX
Wichita Falls,Texas,104790,103966,104628,104948,105208,103892,104075,104325,104356,104683,TX
Edinburg,Texas,82504,84796,86263,88355,90342,91780,92776,95427,98036,101170,TX
San Angelo,Texas,93626,94532,95841,97057,98567,99704,99790,99678,100009,101004,TX
Conroe,Texas,65731,67352,69662,70676,73779,76322,82068,84809,87578,91079,TX
New Braunfels,Texas,58059,59319,60885,63025,65902,70133,73351,78902,84495,90209,TX
Bryan,Texas,76517,77196,77832,78939,80667,82052,83171,84188,84817,86276,TX
Mission,Texas,78118,79728,80920,81486,82167,82823,83257,83576,83958,84331,TX
Longview,Texas,80565,81024,81190,81249,81253,81717,81378,80980,81191,81631,TX
Georgetown,Texas,48012,50310,52483,54831,58974,63533,67028,70640,74275,79604,TX
Cedar Park,Texas,55777,58840,61496,64800,67161,69556,72545,75559,76903,79462,TX
Flower Mound town,Texas,64864,65982,67764,68375,69525,70985,73533,76700,77562,79135,TX
Pharr,Texas,70778,72142,73327,74165,75348,76369,77363,78649,78925,79112,TX
Temple,Texas,66614,67124,68756,69544,70199,71786,73003,74377,76165,78439,TX
Baytown,Texas,71757,72500,73311,75334,75926,76286,76369,76693,76592,77192,TX
Missouri City,Texas,66905,67441,68107,69314,71076,73611,74359,74617,74834,75457,TX
Mansfield,Texas,57088,58331,59682,61228,62605,64705,66253,68841,70796,72419,TX
North Richland Hills,Texas,63479,64256,65254,67239,68424,69145,69973,70516,70686,70670,TX
Rowlett,Texas,56345,57011,57771,58090,58471,60355,62291,62992,66126,67339,TX
Victoria,Texas,62675,63113,64244,64964,65904,67154,67346,67019,66835,66916,TX
Pflugerville,Texas,48717,50273,51988,53813,54714,57241,59500,63260,64172,65380,TX
Harlingen,Texas,65102,65638,65786,65674,65510,65208,65229,65153,64996,65022,TX
San Marcos,Texas,45267,47687,50010,54403,58983,60446,61726,63526,63688,64776,TX
Leander,Texas,27709,29120,30636,32774,35280,39019,43788,49792,55924,62608,TX
Euless,Texas,51411,52052,52756,53140,53569,54163,54881,55252,57241,57197,TX
Grapevine,Texas,46610,47102,48427,50117,50772,51430,52055,53974,53809,55281,TX
Port Arthur,Texas,54500,54905,54563,54719,54529,55378,55566,55433,54889,54280,TX
Little Elm,Texas,26197,27709,29023,32916,35493,38438,42661,45988,49644,53126,TX
Wylie,Texas,42044,43597,44769,45352,46439,47348,48499,49536,51003,53067,TX
DeSoto,Texas,49344,50196,51216,51587,52046,52612,53088,53533,53254,52988,TX
Galveston,Texas,47793,47555,48100,48658,49251,49691,50186,50569,50396,50446,TX
Texas City,Texas,45284,45179,45577,45900,46383,47299,47994,48417,49078,50094,TX
Phoenix,Arizona,1449038,1469796,1499274,1526491,1555445,1583690,1612199,1633560,1654675,1680992,AZ
Tucson,Arizona,527160,530709,531880,532945,534800,535607,537528,541377,544858,548073,AZ
Mesa,Arizona,440993,447681,456968,464803,473132,481811,490695,500021,507945,518012,AZ
Chandler,Arizona,236454,236834,237660,239888,240888,243679,247845,253599,257186,261165,AZ
Scottsdale,Arizona,217638,220816,225191,228887,233949,241073,247953,251396,254479,258069,AZ
Gilbert town,Arizona,209493,211466,215916,221626,227308,232401,237139,242695,249914,254114,AZ
Glendale,Arizona,226236,229304,233588,236869,239964,243103,245903,247784,249955,252381,AZ
Tempe,Arizona,162323,164477,168549,170740,175636,179114,184877,185792,191746,195805,AZ
Peoria,Arizona,154846,155014,155326,156354,157770,160431,164212,168192,172263,175961,AZ
Surprise,Arizona,117643,119617,122266,125035,127880,130336,132846,134781,137717,141664,AZ
Yuma,Arizona,91328,94241,93701,92998,93624,94155,95259,96399,97648,98285,AZ
Avondale,Arizona,76232,77279,78718,79745,80726,81924,83288,84742,85715,87931,AZ
Goodyear,Arizona,65502,66589,67822,70392,72346,74815,77412,79945,82873,86840,AZ
Buckeye,Arizona,51350,52486,54389,56603,59100,61633,64641,68534,74339,79620,AZ
Flagstaff,Arizona,66088,66071,67913,68090,68609,69966,71149,72037,73762,75038,AZ
Casa Grande,Arizona,48955,48904,49453,49777,51362,52687,54247,55695,57019,58632,AZ
Lake Havasu City,Arizona,52578,52789,52794,52786,53030,53399,53800,54380,55020,55865,AZ
Maricopa,Arizona,43686,43866,44030,44814,45543,46109,46914,48002,50028,52127,AZ
Queen Creek town,Arizona,27058,27602,28148,30424,33011,35534,38850,43227,47123,50890,AZ
Philadelphia,Pennsylvania,1528283,1540466,1551824,1558313,1565460,1571065,1576051,1580601,1583592,1584064,PA
Pittsburgh,Pennsylvania,305283,306012,306355,306902,305964,304070,304643,301494,300570,300286,PA
Allentown,Pennsylvania,118113,118782,118878,118826,119167,120071,120420,121047,121537,121442,PA
Erie,Pennsylvania,101719,101511,101290,100532,99714,99030,98211,97214,96298,95508,PA
Reading,Pennsylvania,88040,88195,88141,88264,88171,88047,88128,88134,88542,88375,PA
Scranton,Pennsylvania,76079,75926,76024,75831,75443,77149,77235,77214,77017,76653,PA
Bethlehem,Pennsylvania,74979,75061,75040,74852,74966,74966,75273,75546,75742,75815,PA
Lancaster,Pennsylvania,59277,59417,59406,59397,59411,59446,59486,59494,59407,59265,PA
Jacksonville,Florida,823114,829609,837013,842735,852494,865836,880520,892025,902437,911507,FL
Miami,Florida,400779,406593,411149,415661,425110,434738,449149,456617,462819,467963,FL
Tampa,Florida,337053,342589,348090,355172,362664,371464,380344,391026,397232,399700,FL
Orlando,Florida,239326,243620,249935,255135,262469,270786,278512,281804,285903,287442,FL
St. Petersburg,Florida,245222,245871,246656,248453,252225,255041,259266,262588,264466,265351,FL
Hialeah,Florida,225470,228127,230445,232316,232850,233872,234283,236314,234941,233339,FL
Port St. Lucie,Florida,164848,166283,167888,169405,172669,177695,183521,189119,194808,201846,FL
Tallahassee,Florida,181438,182997,186298,185602,187094,188645,188870,191655,192763,194500,FL
Cape Coral,Florida,154731,157330,160558,164336,168365,173572,178534,183701,189468,194495,FL
Fort Lauderdale,Florida,166126,169012,170909,172275,175153,177356,178837,179877,182101,182437,FL
Pembroke Pines,Florida,155265,158278,160245,162133,164065,165800,168321,170707,171975,173591,FL
Hollywood,Florida,141013,143421,144998,146038,146978,148313,151630,153371,154381,154817,FL
Miramar,Florida,122300,125059,128697,130120,134494,136476,138964,140215,140564,141191,FL
Gainesville,Florida,124681,125671,125993,126340,127571,129356,131580,132041,133665,133997,FL
Coral Springs,Florida,122887,125141,126682,127788,128847,130160,131753,133542,133712,133759,FL
Clearwater,Florida,109052,109204,109538,110279,111167,112939,114175,115482,116324,116946,FL
Palm Bay,Florida,104138,104131,104819,105329,106237,108160,110289,112217,113854,115552,FL
Lakeland,Florida,97640,98834,99000,100326,102034,103550,105837,107712,110421,112136,FL
Pompano Beach,Florida,100063,101756,102888,104183,105500,106937,109358,110354,111636,112118,FL
West Palm Beach,Florida,100813,101498,102526,103420,104314,106850,108740,110328,111058,111955,FL
Miami Gardens,Florida,107516,108859,110056,110842,110943,111561,111884,112220,111144,110001,FL
Davie town,Florida,92315,94455,95776,97599,99179,101229,103255,105136,106131,106306,FL
Boca Raton,Florida,85158,86460,87646,89689,91276,93498,96427,98236,99351,99805,FL
Sunrise,Florida,84548,86303,88582,89757,90661,91928,93668,94274,95219,95166,FL
Plantation,Florida,85331,86874,87928,90051,90968,91904,92767,93824,94019,94580,FL
Deltona,Florida,85096,84979,85139,85583,86295,87728,89314,90586,91718,92757,FL
Palm Coast,Florida,75499,76641,77363,78409,80027,81938,84155,86146,87660,89800,FL
Miami Beach,Florida,87722,88713,89566,90152,90184,90570,90652,90642,89808,88885,FL
Fort Myers,Florida,62503,63818,65504,67802,70449,73470,76752,80015,82229,87103,FL
Largo,Florida,79372,79480,79738,80422,80852,81903,84088,84686,84937,84948,FL
Melbourne,Florida,76363,76537,76854,77393,78276,79323,80656,81822,82603,83029,FL
Deerfield Beach,Florida,75178,76504,77395,78002,78565,79334,79972,80525,80666,81066,FL
Boynton Beach,Florida,68411,68905,70049,71305,73155,74005,75877,77711,77949,78679,FL
Kissimmee,Florida,59694,61323,63422,64921,66509,68633,69407,71446,73751,72717,FL
Lauderhill,Florida,67084,68246,69012,69531,70110,70901,71474,71915,71924,71868,FL
Weston,Florida,65591,66840,67702,68333,68926,69687,70324,70901,71030,71166,FL
North Port,Florida,57389,57726,58416,59113,60323,62244,64371,66272,68438,70724,FL
Homestead,Florida,61034,62214,63148,64246,65290,66192,68045,69124,69254,69523,FL
Delray Beach,Florida,60801,61495,62267,64177,65004,66203,67546,68708,69176,69451,FL
Daytona Beach,Florida,61626,61720,62199,62957,63560,64962,67076,68096,68709,69186,FL
Tamarac,Florida,60921,62019,62752,63262,63731,64499,65517,66148,66447,66721,FL
Jupiter town,Florida,55468,56214,57203,58501,60772,62810,64066,64888,65377,65791,FL
Doral,Florida,45953,47024,47877,50052,53643,55482,57704,60222,60762,65741,FL
Wellington village,Florida,56830,57506,58593,60303,61507,62605,64204,64793,65058,65398,FL
Port Orange,Florida,56627,56727,56978,57508,58983,60145,61454,63062,64055,64842,FL
North Miami,Florida,60322,60991,61553,61946,61903,62040,62018,61939,63481,62822,FL
Sanford,Florida,53971,54377,54937,56283,57643,58289,58968,59542,60107,61448,FL
Coconut Creek,Florida,53183,54324,55131,56920,58502,59202,59815,61070,61205,61248,FL
Ocala,Florida,56565,56707,56783,56804,57178,57719,58460,59091,60274,60786,FL
Bonita Springs,Florida,44075,45039,46342,47664,49367,51850,54400,56175,57398,59637,FL
Bradenton,Florida,49310,49642,50207,51175,52253,53838,55048,56686,57601,59439,FL
Margate,Florida,53242,54190,54820,55256,55664,56741,57832,58200,58495,58796,FL
Sarasota,Florida,52219,52527,52954,53149,54015,54956,56440,57185,57746,58285,FL
Palm Beach Gardens,Florida,50012,50563,51320,52221,53388,54437,55536,56360,57007,57704,FL
St. Cloud,Florida,37983,39474,41175,42504,44605,46742,48578,51700,54200,54579,FL
Pinellas Park,Florida,49532,49944,50202,50532,51410,51989,52615,52940,53157,53637,FL
Apopka,Florida,42407,43765,45103,46238,47796,49109,50486,52277,53557,53447,FL
Pensacola,Florida,52014,51848,52149,52270,52434,52473,52662,52525,52637,52975,FL
Coral Gables,Florida,46963,47613,49049,49762,50176,50275,50396,50628,50125,49700,FL
Columbus,Ohio,790943,800607,812740,827797,841673,854950,866894,881694,890869,898553,OH
Cleveland,Ohio,395926,392667,391550,391792,390871,389244,387662,385252,383214,381009,OH
Cincinnati,Ohio,296980,296187,296900,297905,298626,299439,299748,301587,302277,303940,OH
Toledo,Ohio,287065,285425,283185,282352,280712,279898,278897,276688,274864,272779,OH
Akron,Ohio,199081,199112,198969,198972,199008,198588,198068,198085,197884,197597,OH
Dayton,Ohio,142348,142000,141916,142035,141117,140819,140849,140372,140439,140407,OH
Parma,Ohio,81456,80961,80623,80453,80166,80037,79627,79103,78622,78103,OH
Canton,Ohio,73427,73181,73147,72915,72634,72173,71629,71156,70752,70447,OH
Youngstown,Ohio,66876,66556,66056,65470,65142,64687,64335,64540,64860,65469,OH
Lorain,Ohio,64076,63940,63756,63735,63773,63662,63729,63774,63984,63855,OH
Hamilton,Ohio,62345,62329,62234,62299,62414,62345,62250,62114,62132,62082,OH
Springfield,Ohio,60531,60267,60079,59872,59730,59449,58906,59168,59263,58877,OH
Kettering,Ohio,56131,56000,55925,55798,55552,55375,55244,55144,55014,54855,OH
Elyria,Ohio,54487,54322,54162,54115,54078,53917,53865,53781,53797,53757,OH
Newark,Ohio,47614,47720,47809,48034,48283,48592,48946,49471,50001,50315,OH
Lakewood,Ohio,52026,51662,51400,51257,51088,50811,50528,50211,50012,49678,OH
Charlotte,North Carolina,738444,754829,773264,792047,807400,825668,843117,860002,872514,885708,NC
Raleigh,North Carolina,406353,413958,423304,431391,439503,449546,459469,465776,469314,474069,NC
Greensboro,North Carolina,269598,272430,276041,279244,282261,284610,289182,291537,294518,296710,NC
Durham,North Carolina,230727,235341,241117,246992,253290,258647,265499,269844,274557,278993,NC
Winston-Salem,North Carolina,230022,231867,233867,235728,238478,239755,241776,244501,246535,247945,NC
Fayetteville,North Carolina,208337,208745,208884,211069,210076,209596,211065,209091,210748,211657,NC
Cary town,North Carolina,137086,142209,146154,151328,155439,159712,162477,165927,168042,170282,NC
Wilmington,North Carolina,106754,108141,109658,111686,113320,115050,118770,120836,122616,123744,NC
High Point,North Carolina,104710,105823,106567,107573,108797,110232,111533,111746,112073,112791,NC
Concord,North Carolina,79571,80725,82134,83416,85395,87490,89763,92164,94192,96341,NC
Greenville,North Carolina,85096,86269,87625,88847,89242,90499,90966,92008,92689,93400,NC
Asheville,North Carolina,83459,84457,85321,86355,87837,89374,91123,91748,92630,92870,NC
Gastonia,North Carolina,71707,71871,72503,72789,73183,74009,74963,76307,76885,77273,NC
Jacksonville,North Carolina,78089,75194,76365,75681,74217,74306,72745,72800,72775,72436,NC
Chapel Hill town,North Carolina,57406,57370,58650,58860,59120,59046,59654,58918,63367,64051,NC
Apex town,North Carolina,37991,38999,40659,42388,44064,45652,47543,50524,53859,59300,NC
Huntersville town,North Carolina,47103,48184,49424,50673,51728,52973,55273,56385,57212,58098,NC
Burlington,North Carolina,51172,51169,51198,51314,51475,51867,52180,53121,53911,54606,NC
Rocky Mount,North Carolina,57680,57401,56735,56300,55880,55003,54992,54634,54232,53922,NC
Kannapolis,North Carolina,42699,43169,43769,44385,45310,46311,47577,48774,49770,50841,NC
Indianapolis,Indiana,821579,827664,835499,844696,850164,853714,859049,863478,870960,876384,IN
Fort Wayne,Indiana,254161,256293,257626,259333,260570,262109,263513,265128,267460,270402,IN
Evansville,Indiana,120091,120216,120266,120295,120153,119487,119004,118331,118060,117979,IN
South Bend,Indiana,101197,101224,101056,101226,101489,101687,101996,102021,101971,102026,IN
Carmel,Indiana,84508,86508,88566,90947,91569,92998,96114,97400,99143,101068,IN
Fishers,Indiana,77832,80503,82389,84416,86865,88656,89809,91606,93407,95310,IN
Bloomington,Indiana,80612,81497,82160,82457,83162,83596,84387,84837,85139,85755,IN
Hammond,Indiana,80718,80220,79648,79009,78586,77688,77151,76489,75877,75522,IN
Gary,Indiana,80155,79645,79128,78518,77985,77128,76450,75775,75210,74879,IN
Lafayette,Indiana,68925,69916,70163,70976,71012,71143,71960,72110,72233,71721,IN
Muncie,Indiana,70193,70406,69757,69710,69606,69121,69148,68854,68115,67999,IN
Noblesville,Indiana,52909,54248,55542,56849,57725,58741,60304,61874,63303,64668,IN
Terre Haute,Indiana,60787,60993,61176,60921,60785,60596,60683,60816,60775,60622,IN
Greenwood,Indiana,51159,52031,52800,53658,54452,55272,56352,57356,58701,59458,IN
Kokomo,Indiana,58193,58208,58212,58204,58158,57980,57762,57858,57922,58020,IN
Anderson,Indiana,56065,55798,55441,55465,55252,55020,54985,54898,54883,54765,IN
Elkhart,Indiana,51841,51905,51975,52157,52285,52505,52475,52372,52373,52358,IN
West Lafayette,Indiana,42052,42526,43227,43666,44975,46174,47503,47504,49019,50996,IN
Mishawaka,Indiana,48203,48106,48045,48111,48260,48279,48814,48984,49810,50363,IN
Seattle,Washington,610630,622694,635928,653588,670109,687386,709631,728661,742235,753675,WA
Spokane,Washington,209525,209042,209304,210036,211095,212545,215191,217415,219332,222081,WA
Tacoma,Washington,198230,199519,201537,202127,203740,206784,210248,213417,216111,217827,WA
Vancouver,Washington,167595,169046,170035,171565,173406,176409,178621,180360,182887,184463,WA
Bellevue,Washington,128357,130196,132074,133688,136275,139757,141758,145273,147064,148164,WA
Kent,Washington,119067,122165,124739,126118,127727,129241,130508,131697,131734,132319,WA
Everett,Washington,103173,103445,104436,105048,106460,107077,108931,110169,111088,111475,WA
Renton,Washington,92351,94131,95941,97090,98588,100455,101513,101981,101787,101751,WA
Spokane Valley,Washington,90047,90665,90659,91240,92569,94163,95652,97570,99308,101060,WA
Federal Way,Washington,89556,90664,91913,92632,93421,95254,97131,97274,96726,96289,WA
Yakima,Washington,91637,92605,92654,92713,92790,92953,93429,93500,93548,93637,WA
Kirkland,Washington,80866,82036,83358,84455,85971,87312,87990,89010,89909,93010,WA
Bellingham,Washington,81297,81859,82299,82593,83386,84998,86954,89031,90464,92314,WA
Kennewick,Washington,74447,75585,75930,76579,77339,78724,80081,81621,82696,84347,WA
Auburn,Washington,70560,71748,73474,74924,76198,77479,78725,81333,81789,81464,WA
Pasco,Washington,62928,65539,67673,68398,69500,70330,71514,72810,74485,75432,WA
Redmond,Washington,54731,55674,56741,57606,59416,60770,62794,64872,67436,71929,WA
Marysville,Washington,60193,61243,62297,63135,64919,66558,67586,68897,69606,70298,WA
Sammamish,Washington,57656,58726,59973,61006,62174,63266,63817,64929,65495,65892,WA
Lakewood,Washington,57600,57945,58110,58144,58580,58885,59747,60316,60511,61037,WA
Richland,Washington,48876,50622,51767,52549,53248,54412,55095,56656,57533,58225,WA
Shoreline,Washington,53180,53762,54459,54802,55249,55592,55687,56521,56557,57027,WA
Olympia,Washington,47067,47696,48089,48473,49327,49849,50732,51660,52508,52882,WA
Lacey,Washington,42708,43423,43947,44761,45271,46071,47309,49632,50600,52592,WA
Burien,Washington,48224,48786,49511,49915,50304,50664,51377,51992,51731,51500,WA
Denver,Colorado,603359,620530,635163,649391,664582,683285,696159,704961,716265,727211,CO
Colorado Springs,Colorado,420685,427434,432782,438146,442361,449572,458714,465167,472567,478221,CO
Aurora,Colorado,326055,332730,339261,345613,352660,360098,363277,367574,374572,379289,CO
Fort Collins,Colorado,145268,146673,149508,152668,156804,160991,163004,165541,168324,170243,CO
Lakewood,Colorado,142759,144087,145396,146878,149434,152052,154039,154966,156682,157935,CO
Thornton,Colorado,119391,121911,124361,127022,129479,132176,134574,136777,139352,141464,CO
Arvada,Colorado,106917,108084,110229,111872,113692,115406,117710,118950,120421,121272,CO
Westminster,Colorado,106434,107739,109083,110422,111517,112420,112984,112961,113227,113166,CO
Pueblo,Colorado,106755,107146,107476,107670,107823,108955,110118,111059,111725,112361,CO
Centennial,Colorado,100989,102508,104249,106634,107438,109120,109735,110388,110814,110937,CO
Greeley,Colorado,93308,94466,95597,96848,99055,101763,104751,106780,107475,108649,CO
Boulder,Colorado,97752,100137,101160,102719,104451,106742,107128,106447,106008,105673,CO
Longmont,Colorado,86440,87691,88903,90221,90623,92280,93269,94637,96536,97261,CO
Loveland,Colorado,67157,69321,70384,71337,72514,74886,76399,76880,77752,78877,CO
Broomfield,Colorado,56226,57493,58971,60149,61764,64866,66513,68263,69324,70465,CO
Castle Rock town,Colorado,48586,49693,51017,52657,55154,57175,59284,62297,65000,68484,CO
Grand Junction,Colorado,58846,59475,59660,59809,59643,60389,61236,61995,63131,63597,CO
Commerce City,Colorado,46128,47507,48504,49717,51468,53161,54523,55925,58324,60336,CO
Parker town,Colorado,45540,46116,47054,48364,49508,51112,52714,54261,55813,57706,CO
Washington,District of Columbia,605226,619800,634924,650581,662328,675400,685815,694906,701547,705749,DC
Boston,Massachusetts,621048,630505,642955,653002,662855,670491,679848,687788,691147,692600,MA
Worcester,Massachusetts,181759,182387,182575,183327,184559,184627,184859,185325,185555,185428,MA
Springfield,Massachusetts,153569,153773,153933,154056,154376,154582,154028,154207,154329,153606,MA
Cambridge,Massachusetts,105008,105884,107886,112036,112993,113471,115685,116869,118151,118927,MA
Lowell,Massachusetts,106782,107774,108803,109757,110537,111142,111226,111738,111362,110997,MA
Brockton,Massachusetts,93809,94117,94050,94361,94858,95425,95441,95682,95723,95708,MA
New Bedford,Massachusetts,95059,94896,94998,95065,95121,95128,95135,95083,95371,95363,MA
Quincy,Massachusetts,92457,92544,92973,93470,93685,93766,94130,94322,94403,94470,MA
Lynn,Massachusetts,90532,90709,91437,92025,92565,93057,93185,93915,94336,94299,MA
Fall River,Massachusetts,88882,88827,88852,88992,89148,89258,89287,89298,89630,89541,MA
Newton,Massachusetts,85373,85827,87029,87479,88269,88588,88569,88836,88641,88414,MA
Somerville,Massachusetts,75877,76710,77620,78573,78991,79715,80936,81204,81357,81360,MA
Lawrence,Massachusetts,76551,77260,77910,78382,79182,79699,79818,80003,80112,80028,MA
Framingham,Massachusetts,68665,69656,70061,70411,70786,70938,71459,71784,72909,74416,MA
Haverhill,Massachusetts,60999,61505,61860,62272,62605,62861,63200,63664,63926,64014,MA
Waltham,Massachusetts,60889,61382,62047,62327,63114,63003,62939,62822,62563,62495,MA
Malden,Massachusetts,59691,60131,60591,60938,61217,61383,61276,61079,60735,60470,MA
Weymouth Town,Massachusetts,53828,54177,55058,55452,55725,55798,55924,56695,57511,57746,MA
Taunton,Massachusetts,55851,55876,55990,56109,56659,56838,56939,56982,57365,57464,MA
Medford,Massachusetts,56400,56824,57255,57399,57551,57792,57820,57772,57554,57341,MA
Chicopee,Massachusetts,55306,55630,55840,55923,56274,55820,55342,55336,55424,55126,MA
Revere,Massachusetts,51845,52628,53241,53694,53802,53960,53942,54071,53483,53073,MA
Peabody,Massachusetts,51399,51632,51904,52224,52463,52629,52759,52948,53092,53070,MA
Methuen Town,Massachusetts,47445,47798,48129,48706,49384,49797,49953,50308,50565,50706,MA
Nashville-Davidson metropolitan government (balance),Tennessee,604589,612518,625550,635999,645259,655498,661765,663587,667006,670820,TN
Memphis,Tennessee,652326,655341,658786,657146,654990,654106,652548,650878,651104,651073,TN
Knoxville,Tennessee,178258,179955,181093,181779,182631,184046,184986,186905,187362,187603,TN
Chattanooga,Tennessee,170574,172341,173972,175325,175321,176400,177746,179530,181918,182799,TN
Clarksville,Tennessee,133486,136104,142652,142281,145899,148147,149162,152917,156376,158146,TN
Murfreesboro,Tennessee,109572,111901,114141,117042,120808,125958,131409,136217,141442,146900,TN
Franklin,Tennessee,62820,64357,66359,68876,70620,72573,74695,78265,81027,83097,TN
Jackson,Tennessee,66814,66726,67018,67467,67112,66760,66718,66748,66952,67191,TN
Johnson City,Tennessee,63528,63951,64370,64706,65106,65497,66140,66164,66759,66906,TN
Bartlett,Tennessee,57030,57388,58224,58231,58353,58665,58887,59101,59403,59440,TN
Hendersonville,Tennessee,51485,52283,52919,53824,54851,55597,56563,57560,57634,58113,TN
Kingsport,Tennessee,52953,52924,52739,52817,52822,52757,52521,53487,54006,54127,TN
Smyrna town,Tennessee,40568,41407,42128,43517,45731,46941,48515,49910,50748,51586,TN
Collierville town,Tennessee,45661,45949,46438,47359,48754,48984,49462,50252,50671,51040,TN
Detroit,Michigan,711131,705118,700183,691868,682609,679410,677143,674631,672977,670031,MI
Grand Rapids,Michigan,188007,189104,190821,192982,194335,195056,196556,199135,200136,201013,MI
Warren,Michigan,134081,134173,134590,135312,135666,135386,135245,135100,134376,133943,MI
Sterling Heights,Michigan,129709,130042,130672,131521,132136,132041,132522,132681,132725,132438,MI
Ann Arbor,Michigan,114173,115539,116079,116820,118716,119884,120919,121493,121429,119980,MI
Lansing,Michigan,114321,114559,114661,114734,115093,115324,116569,117730,117931,118210,MI
Flint,Michigan,102035,101256,100233,99479,98617,97823,97110,96460,95926,95538,MI
Dearborn,Michigan,97849,97173,96878,96065,95973,95488,95052,94708,94379,93932,MI
Livonia,Michigan,96627,96142,95921,95239,95229,94843,94507,94237,94019,93665,MI
Troy,Michigan,81020,81649,82271,83007,83399,83496,84092,84187,84111,84092,MI
Westland,Michigan,83959,83518,83334,82659,82628,82321,82115,81940,81752,81511,MI
Farmington Hills,Michigan,79761,80345,80922,81490,81744,81536,81560,81426,80939,80612,MI
Kalamazoo,Michigan,74334,74697,75545,75792,76099,75820,75826,75803,76483,76200,MI
Wyoming,Michigan,72131,72729,73509,74307,74986,75298,75685,76056,75839,75667,MI
Rochester Hills,Michigan,71038,71694,72455,73116,73363,73627,73849,74517,74544,74516,MI
Southfield,Michigan,71760,72248,72711,73226,73439,73389,73465,73386,72976,72689,MI
Taylor,Michigan,62982,62631,62465,61957,62068,61777,61580,61404,61163,60922,MI
Novi,Michigan,55287,56055,57043,58124,58634,58913,59598,59948,60787,60896,MI
Pontiac,Michigan,59687,59913,60299,60448,60466,60260,60224,60123,59741,59438,MI
Royal Oak,Michigan,57260,57697,58139,58562,58763,58750,59226,59374,59356,59277,MI
St. Clair Shores,Michigan,59767,59799,59986,60183,60085,59912,59788,59657,59282,58984,MI
Dearborn Heights,Michigan,57640,57278,57115,56653,56596,56322,56097,55873,55627,55353,MI
Kentwood,Michigan,48732,49186,49752,50352,50861,51352,51742,51781,51829,51898,MI
Battle Creek,Michigan,52315,51991,51871,51788,51776,51556,51453,51275,51105,51093,MI
Saginaw,Michigan,51363,51012,50728,50272,49798,49230,48902,48696,48310,48115,MI
Oklahoma City,Oklahoma,582516,590947,600971,612061,621639,632172,639924,642822,647912,655057,OK
Tulsa,Oklahoma,392403,393005,394643,398401,399892,403491,404007,402060,400414,401190,OK
Norman,Oklahoma,111402,113882,115600,118695,118228,120239,121974,123390,123844,124880,OK
Broken Arrow,Oklahoma,99246,100199,102179,103603,104944,106842,107884,108395,109068,110198,OK
Edmond,Oklahoma,81451,82910,84877,86926,88599,90118,91388,91700,92893,94054,OK
Lawton,Oklahoma,97849,98208,98415,96977,96660,95965,94117,94009,92945,93025,OK
Moore,Oklahoma,55425,56724,57830,57800,58462,59593,60479,60973,61452,62055,OK
Midwest City,Oklahoma,54586,55386,56232,56835,57095,57289,57417,57165,57186,57407,OK
Stillwater,Oklahoma,45762,46264,46723,47426,48454,49135,49769,50039,50479,50299,OK
Enid,Oklahoma,49530,49529,50018,50787,51113,51478,50869,50132,49723,49688,OK
Portland,Oregon,585429,595451,604264,609890,620510,631366,642720,647924,650837,654741,OR
Salem,Oregon,155247,156171,157369,158814,160675,163175,166478,169627,172646,174365,OR
Eugene,Oregon,156527,157424,158238,158441,160260,162910,165927,169391,170701,172622,OR
Gresham,Oregon,106008,107720,108779,109221,110029,110378,111762,111243,109808,109381,OR
Hillsboro,Oregon,92559,94274,96343,98160,99827,102550,105374,107433,108201,109128,OR
Bend,Oregon,76663,77575,78617,80906,83526,86277,90665,94557,97620,100421,OR
Beaverton,Oregon,90100,91569,92558,93279,94714,95863,97738,97824,98775,99037,OR
Medford,Oregon,75043,75617,76153,76840,77763,78990,80174,81191,82333,83072,OR
Springfield,Oregon,59445,59859,59974,60019,60164,60436,61531,62373,62806,63230,OR
Corvallis,Oregon,54401,54730,55139,54710,55517,56375,57327,58546,58969,58856,OR
Tigard,Oregon,48326,49244,49818,50361,50674,51060,51978,53373,54652,55514,OR
Albany,Oregon,50327,50946,51017,50937,51343,51659,52716,53524,54518,55338,OR
Las Vegas,Nevada,584576,586606,593275,599551,607976,617487,626538,635262,643228,651319,NV
Henderson,Nevada,257452,258752,263278,268274,274255,282167,289480,299314,309518,320189,NV
Reno,Nevada,225652,227061,228926,230987,234096,238082,242143,246615,250146,255601,NV
North Las Vegas,Nevada,216836,218291,221856,225346,228680,232537,236513,240504,245349,251974,NV
Sparks,Nevada,91237,91616,92406,93317,94561,95759,98068,100048,103979,105006,NV
Carson City,Nevada,54981,54676,54312,53726,54082,54068,54147,54532,55202,55916,NV
Louisville/Jefferson County metro government (balance),Kentucky,596482,599920,604246,610471,612634,615372,617583,619728,618495,617638,KY
Lexington-Fayette urban county,Kentucky,296848,301696,305947,309865,311784,315819,319644,321964,322426,323152,KY
Bowling Green,Kentucky,59727,60357,61294,62698,63528,64940,66087,67866,68633,70543,KY
Owensboro,Kentucky,57511,57755,58139,58357,58415,59031,59305,59523,59745,60131,KY
Baltimore,Maryland,620915,620410,622895,622391,623587,622522,616226,610481,602443,593490,MD
Frederick,Maryland,65455,65954,66402,66827,68275,69372,69881,70947,71945,72244,MD
Rockville,Maryland,61484,62055,63286,63825,65445,66733,66923,67830,68028,68079,MD
Gaithersburg,Maryland,60185,61440,63037,65673,66518,67081,67587,67987,68070,67985,MD
Bowie,Maryland,55458,56000,56574,57102,57750,58225,58431,58563,58610,58643,MD
Milwaukee,Wisconsin,594865,597086,598569,599916,600664,600477,596996,593725,591375,590157,WI
Madison,Wisconsin,233730,236908,239880,243233,245848,248788,252677,255786,257854,259680,WI
Green Bay,Wisconsin,103946,104302,104621,104593,104635,104792,104721,104977,104833,104578,WI
Kenosha,Wisconsin,99397,99560,99859,99704,99728,99479,99388,99785,99908,99944,WI
Racine,Wisconsin,78460,78170,77904,77782,77607,77290,77155,77188,77075,76760,WI
Appleton,Wisconsin,72704,72921,73128,73591,74001,74151,74392,74524,74378,74098,WI
Waukesha,Wisconsin,71215,71224,71717,71775,72009,72375,72405,72516,72453,72299,WI
Eau Claire,Wisconsin,66298,66841,67342,67892,67747,67740,68254,68547,68770,68802,WI
Oshkosh,Wisconsin,66328,66360,66862,66943,66796,66684,66634,66705,66802,67004,WI
Janesville,Wisconsin,63623,63439,63509,63675,63853,63880,64023,64297,64483,64575,WI
West Allis,Wisconsin,60418,60492,60695,60803,60765,60709,60331,59845,59410,59890,WI
La Crosse,Wisconsin,51376,51225,51962,51885,52145,52023,51830,51718,51491,51227,WI
Albuquerque,New Mexico,546755,552066,555002,557445,557444,557937,559192,559673,559629,560513,NM
Las Cruces,New Mexico,98284,100212,101045,101238,101192,101113,101313,101963,102812,103432,NM
Rio Rancho,New Mexico,87977,89499,90444,91334,91963,93116,94511,96285,97982,99178,NM
Santa Fe,New Mexico,81012,81706,82144,82584,82824,83117,83515,83954,84211,84683,NM
Atlanta,Georgia,429410,437812,449016,453990,461154,468303,479174,491670,498183,506811,GA
Augusta-Richmond County consolidated government (balance),Georgia,196375,195847,196989,196602,196579,196763,197276,197018,197025,197888,GA
Columbus,Georgia,191101,195271,198965,203225,200563,198702,196219,193836,194169,195769,GA
Macon-Bibb County,Georgia,155814,156211,156606,155031,154329,153945,153152,152840,152903,153159,GA
Savannah,Georgia,137412,140414,142327,142600,143883,145160,145818,145804,145817,144464,GA
Athens-Clarke County unified government (balance),Georgia,116102,116928,118584,119566,119059,122213,123523,125409,125857,126913,GA
Sandy Springs,Georgia,94275,96677,98882,99377,101371,104789,105578,106634,108846,109452,GA
South Fulton,Georgia,86142,88696,91019,91757,92494,93516,95264,96078,97278,99155,GA
Roswell,Georgia,88794,90902,93210,93661,93597,93827,94549,94699,94665,94763,GA
Johns Creek,Georgia,77090,79218,81852,82455,82743,82980,83930,84282,84320,84579,GA
Warner Robins,Georgia,70047,71523,72522,73253,73859,73991,74950,75394,76365,77617,GA
Albany,Georgia,77420,77893,77537,76416,75940,74891,73957,73252,73219,72130,GA
Alpharetta,Georgia,57691,59141,61577,61937,62693,63337,65411,65734,66257,67213,GA
Marietta,Georgia,56708,57348,58167,58819,59547,59845,60679,60679,60647,60867,GA
Smyrna,Georgia,51140,51636,52322,53074,54419,55583,56246,56285,56512,56666,GA
Valdosta,Georgia,54977,55787,57156,56088,56309,55818,55846,56054,56428,56457,GA
Brookhaven,Georgia,49688,50147,50942,51479,51990,52693,53148,53630,54029,55554,GA
Stonecrest,Georgia,50256,50726,51537,52084,52607,53327,54037,54278,54424,54903,GA
Kansas City,Missouri,460697,462368,464595,467213,470629,475073,481670,488329,492012,495327,MO
St. Louis,Missouri,319336,319344,319416,318476,317399,316010,312633,308233,303419,300576,MO
Springfield,Missouri,159376,160246,161915,163708,164749,166133,166541,167116,167539,167882,MO
Columbia,Missouri,109429,111514,113553,115440,117028,118570,120248,121539,122533,123195,MO
Independence,Missouri,116891,116917,117318,117281,117505,117260,117268,117197,117017,116672,MO
Lee's Summit,Missouri,91526,91920,92376,92968,93727,94871,96034,97169,98522,99357,MO
O'Fallon,Missouri,79964,81184,82136,83136,84221,85061,86449,87523,88364,88673,MO
St. Joseph,Missouri,76659,77202,77332,77221,76994,76496,76443,76076,75604,74875,MO
St. Charles,Missouri,66396,66633,66986,68151,68568,69120,69402,70390,70807,71028,MO
St. Peters,Missouri,52796,53414,54062,54825,56012,56742,57159,57179,57123,58212,MO
Blue Springs,Missouri,52657,52754,52977,53149,53462,53998,54387,54861,55126,55829,MO
Florissant,Missouri,52235,52430,52379,52265,52172,52072,51652,51380,51147,50952,MO
Joplin,Missouri,50911,48350,48483,48896,49402,49780,50192,50469,50604,50925,MO
Omaha,Nebraska,459659,462101,465261,468086,470423,472638,475044,476271,477299,478192,NE
Lincoln,Nebraska,259455,262690,265861,269129,274128,277345,281339,284527,286930,289102,NE
Bellevue,Nebraska,51634,51858,52407,52786,52706,52956,53291,53398,53494,53544,NE
Grand Island,Nebraska,48819,49401,49905,50323,50887,50959,51182,51128,51219,51267,NE
Virginia Beach,Virginia,438859,442583,445044,447706,448864,450304,450983,449896,449849,449974,VA
Chesapeake,Virginia,223556,225361,228091,230327,233360,235111,237464,240143,242359,244835,VA
Norfolk,Virginia,242999,243655,246149,245468,246576,246457,245680,244543,243585,242742,VA
Richmond,Virginia,204302,206391,210794,213860,217044,220856,225369,227230,229221,230436,VA
Newport News,Virginia,180888,180078,180056,181275,181522,180958,180209,179447,178523,179225,VA
Alexandria,Virginia,140729,144219,147291,149637,151375,153654,156698,159215,159069,159428,VA
Hampton,Virginia,137415,136628,137177,137332,137680,136264,135374,134725,134330,134510,VA
Roanoke,Virginia,96720,96782,98011,98849,99427,99669,99337,98986,99009,99143,VA
Portsmouth,Virginia,95451,95748,96480,96075,95829,96336,95165,94838,94750,94398,VA
Suffolk,Virginia,84813,84750,85251,85751,86882,88079,89194,90108,90975,92108,VA
Lynchburg,Virginia,75548,76584,77269,77940,78141,79134,79710,80523,81309,82168,VA
Leesburg town,Virginia,43067,44537,46076,47713,49338,50935,52495,54055,53763,53727,VA
Harrisonburg,Virginia,48993,49935,51312,51537,52542,52675,53542,53644,53488,53016,VA
Minneapolis,Minnesota,383067,388052,392768,400070,407067,411030,415079,420925,424903,429606,MN
St. Paul,Minnesota,285510,288872,291280,295054,297655,299915,302948,304913,306960,308096,MN
Rochester,Minnesota,107047,108097,108916,110427,111198,112160,114051,115586,117047,118935,MN
Duluth,Minnesota,86191,86239,86162,86045,86095,85985,86084,85979,85856,85618,MN
Bloomington,Minnesota,83036,83937,84867,85078,85052,85190,85459,85588,85474,84943,MN
Brooklyn Park,Minnesota,75963,76883,77905,78471,78816,79256,79871,80322,80524,80389,MN
Plymouth,Minnesota,70715,71703,73104,74096,75176,76034,77341,78128,79345,79768,MN
Woodbury,Minnesota,62250,63559,64472,65523,66625,67445,68495,69520,71231,72828,MN
Maple Grove,Minnesota,61778,63196,64504,65442,66966,68405,69678,70812,71711,72622,MN
St. Cloud,Minnesota,65919,65873,65930,66085,66536,67352,67832,68103,68181,68462,MN
Lakeville,Minnesota,56161,56711,57471,58697,59976,60791,61997,63677,65778,67317,MN
Eagan,Minnesota,64202,64488,64878,65403,65996,66212,66328,66594,66472,66372,MN
Blaine,Minnesota,57409,58194,59438,60500,61386,62360,63191,64288,65082,65607,MN
Eden Prairie,Minnesota,60899,61667,62392,62673,63341,63608,64001,64193,64263,64893,MN
Coon Rapids,Minnesota,61539,61561,61958,62064,62163,62264,62374,62479,62491,62998,MN
Burnsville,Minnesota,60391,60649,60864,61144,61314,61203,61316,61431,61162,61339,MN
Apple Valley,Minnesota,49146,49492,49721,49925,50195,50950,51938,52390,54065,55135,MN
Minnetonka,Minnesota,49796,50646,51232,51437,51555,51739,52447,52910,53883,54064,MN
Edina,Minnesota,48037,48686,49202,49501,49704,50251,51428,51783,52430,52857,MN
New Orleans,Louisiana,347772,360735,369787,378637,383940,389742,391843,391493,391004,390144,LA
Baton Rouge,Louisiana,229374,228643,228889,228346,227851,227202,226686,224414,222190,220236,LA
Shreveport,Louisiana,201437,202327,202347,200469,198259,197001,194672,192023,189360,187112,LA
Lafayette,Louisiana,121836,122674,123587,124873,126036,126922,127221,126526,126371,126185,LA
Lake Charles,Louisiana,72531,72873,73665,73886,74513,75685,76462,77586,78266,78396,LA
Bossier City,Louisiana,62120,63540,65414,66191,67078,68157,68125,68471,68316,68159,LA
Kenner,Louisiana,66635,66814,66781,66836,66776,66896,67083,66933,66584,66340,LA
Wichita,Kansas,382745,383773,385751,387210,388416,389412,390519,390277,389231,389938,KS
Overland Park,Kansas,174040,176034,178683,180932,183980,186222,189302,191327,192724,195494,KS
Kansas City,Kansas,145878,146227,147454,148899,150122,151502,152485,152739,152965,152960,KS
Olathe,Kansas,126269,128325,129963,131798,132839,134298,135928,137526,139758,140545,KS
Topeka,Kansas,127914,128228,128095,127725,127489,127396,126948,126517,125778,125310,KS
Lawrence,Kansas,88232,89301,90118,91348,92881,94207,95655,96637,97187,98193,KS
Shawnee,Kansas,62311,63011,63559,64243,64449,64994,65376,65556,65933,65807,KS
Lenexa,Kansas,48292,48865,49351,50279,50924,52430,53028,53557,55349,55625,KS
Manhattan,Kansas,52526,54148,56597,56101,55685,56513,55241,55124,54983,54604,KS
Urban Honolulu CDP,Hawaii,339121,343059,346845,349237,349561,351571,351747,349750,346945,345064,HI
Anchorage municipality,Alaska,293321,296197,298255,301142,299893,297547,297249,294338,290521,288000,AK
Newark,New Jersey,277175,277574,277594,278121,278936,279636,280681,281237,281752,282011,NJ
Jersey City,New Jersey,248324,252877,256072,257119,258632,260171,260427,263292,263851,262075,NJ
Paterson,New Jersey,146391,145593,146111,146049,145911,145928,145773,146015,145594,145233,NJ
Elizabeth,New Jersey,125257,125792,126595,127278,127658,127661,127968,128175,128599,129216,NJ
Clifton,New Jersey,84169,84690,84695,84898,85141,85240,85192,85267,85251,85052,NJ
Trenton,New Jersey,85004,84854,84631,84503,84042,83519,83313,83497,83604,83203,NJ
Camden,New Jersey,76805,77049,76711,76283,75673,75204,73818,73728,73725,73562,NJ
Passaic,New Jersey,69861,70144,69966,70081,70240,70237,70130,70123,69932,69703,NJ
Union City,New Jersey,66459,67446,67844,68232,68302,68119,68365,68485,68124,67982,NJ
Bayonne,New Jersey,63050,63945,64252,64736,65369,65290,65315,65333,64677,64897,NJ
East Orange,New Jersey,64150,64332,64172,64221,64262,64438,64426,64306,64258,64367,NJ
Vineland,New Jersey,60820,60984,60921,60874,60887,60583,60312,59862,59856,59439,NJ
New Brunswick,New Jersey,54886,55296,55404,55896,55882,56009,56183,56120,55878,55676,NJ
West New York town,New Jersey,49843,50511,50853,51252,51529,52540,52596,52732,52668,52723,NJ
Hoboken,New Jersey,50057,50769,51481,52177,52463,52839,53649,53662,53134,52677,NJ
Perth Amboy,New Jersey,50918,51137,51556,51722,51832,51705,51765,51821,51677,51390,NJ
Plainfield,New Jersey,49667,49816,49972,50223,50315,50464,50276,50367,50430,50317,NJ
Boise City,Idaho,209576,212635,215627,217330,219440,220850,224604,227648,228442,228959,ID
Meridian,Idaho,77428,79723,82125,85086,89174,92144,96227,100539,106464,114161,ID
Nampa,Idaho,81998,82716,83941,86377,87894,89527,91114,93707,96213,99277,ID
Idaho Falls,Idaho,57995,58518,58860,59034,59320,59858,60797,61768,62023,62888,ID
Caldwell,Idaho,46535,47271,47708,48964,50122,51543,53106,54738,56478,58481,ID
Pocatello,Idaho,54335,54702,54779,54476,54427,54775,54911,55336,55982,56637,ID
Coeur d'Alene,Idaho,44292,45009,45519,46250,47629,48761,49802,50584,51210,52414,ID
Twin Falls,Idaho,44517,44851,45088,45846,46480,47280,48287,49298,49713,50197,ID
Des Moines,Iowa,205032,207924,210244,212026,214350,215243,216308,216662,215994,214237,IA
Cedar Rapids,Iowa,126852,128231,128478,128826,129662,130832,131397,132564,133209,133562,IA
Davenport,Iowa,99678,100302,101165,102053,102471,102534,102456,102310,101918,101590,IA
Sioux City,Iowa,82858,83096,82689,82608,82534,82669,82748,82234,82380,82651,IA
Iowa City,Iowa,68050,69201,70182,71454,72831,73497,74587,75690,75696,75130,IA
West Des Moines,Iowa,56864,57562,58154,59733,61827,63489,64595,65556,66605,67899,IA
Ankeny,Iowa,45845,47043,48363,50785,53299,56109,58609,62365,65248,67355,IA
Waterloo,Iowa,68492,68554,68535,68700,68676,68619,68108,67758,67722,67328,IA
Ames,Iowa,59098,60440,61427,63053,64773,65685,65915,66301,66001,66258,IA
Council Bluffs,Iowa,62370,62502,62160,62117,62397,62556,62458,62377,62221,62166,IA
Dubuque,Iowa,57689,57916,58165,58491,58573,58566,58248,58299,57975,57882,IA
Birmingham,Alabama,212328,212095,211287,211765,211651,212259,211977,211533,210487,209403,AL
Huntsville,Alabama,180941,182327,183748,186001,187834,190333,192412,195420,198125,200574,AL
Montgomery,Alabama,205593,205198,203946,202439,201435,201018,200441,200047,198899,198525,AL
Mobile,Alabama,194577,193801,193761,193288,192582,191975,191472,190190,189809,188720,AL
Tuscaloosa,Alabama,90456,90913,92307,93886,95688,97576,98428,99629,100190,101129,AL
Hoover,Alabama,80953,81617,82952,83581,84005,84592,84895,85235,85517,85768,AL
Dothan,Alabama,66097,66619,67212,67666,68122,68295,68287,68293,68337,68941,AL
Auburn,Alabama,53785,54950,57149,58816,60372,61754,62773,63927,65495,66259,AL
Decatur,Alabama,55814,55916,55837,55465,55269,55027,54729,54437,54364,54445,AL
Madison,Alabama,43556,44304,45189,45929,46636,47170,48158,49207,50491,51593,AL
Salt Lake City,Utah,186643,188265,190183,192121,191837,192163,194680,200932,200435,200567,UT
West Valley City,Utah,129653,131031,132463,133744,134431,135903,136741,136334,135982,135248,UT
Provo,Utah,112923,115191,115559,116119,115378,114596,116627,117583,116630,116618,UT
West Jordan,Utah,104023,106349,108086,109735,110416,111293,113325,113945,115610,116480,UT
Orem,Utah,88722,89605,90578,91318,91362,93777,96902,97674,97430,97828,UT
Sandy,Utah,90227,91076,91929,92599,93341,94537,96444,96406,96737,96380,UT
St. George,Utah,72837,73789,75010,76275,77942,79574,81696,84547,87113,89587,UT
Ogden,Utah,83100,83312,83874,84180,84406,85295,86742,87061,87202,87773,UT
Layton,Utah,67813,68479,68899,70978,72360,73929,75482,76447,77181,78014,UT
South Jordan,Utah,51301,53309,55842,59142,62446,66034,68545,70929,73837,76598,UT
Lehi,Utah,48170,49677,51385,55089,57000,59034,61690,63674,65958,69724,UT
Millcreek,Utah,58853,59397,59853,60253,60176,60147,60354,60718,61060,61450,UT
Taylorsville,Utah,58754,59761,60210,60530,60361,60290,60401,60057,60005,59805,UT
Logan,Utah,48448,49041,49094,49057,49048,49769,50621,51019,51334,51542,UT
Herriman,Utah,22520,23364,24378,26278,28461,30572,35049,39166,44663,51348,UT
Little Rock,Arkansas,193972,195292,196564,197143,197595,198178,198631,198314,197484,197312,AR
Fort Smith,Arkansas,86291,87205,87624,87385,87131,87677,87561,87834,87720,87891,AR
Fayetteville,Arkansas,73962,75604,76969,78652,80417,82332,83620,85587,86615,87590,AR
Springdale,Arkansas,71129,72453,73712,75121,76238,77524,78737,79819,80907,81125,AR
Jonesboro,Arkansas,67548,68998,70440,71604,72303,73763,74797,75938,77234,78394,AR
Rogers,Arkansas,56361,58226,59666,60663,62086,63584,65236,66605,67635,68669,AR
Conway,Arkansas,59592,61630,62818,63359,64403,64769,65232,65958,67032,67638,AR
North Little Rock,Arkansas,62436,63482,64645,65929,66656,66388,66141,65855,66022,65903,AR
Bentonville,Arkansas,35859,37227,38747,40472,42001,44743,47166,49399,51103,54909,AR
Sioux Falls,South Dakota,154533,156471,159847,163478,167050,170183,173503,177636,180398,183793,SD
Rapid City,South Dakota,69154,69587,70739,71730,72995,73370,74116,75237,76170,77503,SD
Providence,Rhode Island,178029,178332,178813,178692,179119,179252,179548,179252,179520,179883,RI
Cranston,Rhode Island,80757,80881,81066,81033,81248,81306,81221,81022,81335,81456,RI
Warwick,Rhode Island,82643,82049,81700,81548,81710,81142,81027,80820,80966,81004,RI
Pawtucket,Rhode Island,71267,71406,71582,71623,71693,71755,71775,71600,71973,72117,RI
Jackson,Mississippi,173698,175149,174822,172927,172014,170901,169022,166823,163772,160628,MS
Gulfport,Mississippi,67904,68865,69782,70801,71173,71346,71518,71945,71771,71705,MS
Southaven,Mississippi,49125,49756,50407,50977,51740,52529,53200,54155,54979,55780,MS
Bridgeport,Connecticut,144864,146146,147096,147716,147870,147409,146287,145346,144772,144399,CT
New Haven,Connecticut,129816,130845,131114,130906,130611,130383,130417,130653,129993,130250,CT
Stamford,Connecticut,122781,123988,125046,126306,127951,128352,128974,129880,129806,129638,CT
Hartford,Connecticut,125354,125434,125266,125128,124665,124311,123654,122888,122556,122105,CT
Waterbury,Connecticut,110350,110074,110019,109733,109524,108993,108453,108277,108123,107568,CT
Norwalk,Connecticut,85956,86611,87257,87728,88023,88248,88441,88357,89061,88816,CT
Danbury,Connecticut,81308,82085,82777,83577,83681,84200,84927,84616,84675,84694,CT
New Britain,Connecticut,73251,73274,73221,73050,73048,73213,72816,72626,72591,72495,CT
Bristol,Connecticut,60502,60599,60658,60558,60588,60524,60304,60131,60101,59947,CT
Meriden,Connecticut,60832,60699,60672,60491,60384,60063,59708,59646,59566,59395,CT
West Haven,Connecticut,55570,55510,55284,55130,55289,54872,54640,54841,54895,54620,CT
Milford,Connecticut,51300,51376,51551,51653,51973,52128,52531,52816,53148,53195,CT
Charleston,South Carolina,120700,123012,125223,127246,129434,132413,134453,135626,136111,137566,SC
Columbia,South Carolina,130774,131302,131761,131527,131781,133616,134129,134005,132770,131674,SC
North Charleston,South Carolina,97949,99898,101994,104050,106754,108597,109738,110820,113077,115382,SC
Mount Pleasant town,South Carolina,68509,69807,72172,74906,77937,81617,84476,87295,89869,91684,SC
Rock Hill,South Carolina,66879,67593,68131,68788,69690,71183,72460,73414,74458,75048,SC
Greenville,South Carolina,59414,59810,60171,60625,61505,63606,67134,68474,68849,70635,SC
Summerville town,South Carolina,43175,43982,44710,45952,47370,49227,50216,51517,51880,52549,SC
Fargo,North Dakota,106025,108142,110881,113739,115715,118093,120149,122420,124091,124662,ND
Bismarck,North Dakota,61589,62768,64772,67127,69011,71413,72580,73141,73229,73529,ND
Grand Forks,North Dakota,53040,52770,53576,54914,55811,56535,56729,56754,56637,55839,ND
Manchester,New Hampshire,109613,110281,110888,111008,111198,111275,111903,112235,112492,112673,NH
Nashua,New Hampshire,86567,86809,86927,87324,87651,88271,88648,88990,88871,89355,NH
Billings,Montana,104509,105458,106765,108561,108434,109599,109620,109797,109444,109577,MT
Missoula,Montana,67466,68078,68877,69487,70227,71292,72779,74077,74882,75516,MT
Great Falls,Montana,59243,59411,59284,59549,59359,59281,58915,58879,58751,58434,MT
Wilmington,Delaware,70764,70868,71045,71201,71201,71131,70919,70658,70457,70166,DE
Portland,Maine,66088,66183,66216,66391,66832,66825,66911,66646,66405,66215,ME
Cheyenne,Wyoming,59778,60177,61438,62122,62279,62905,63451,63520,63835,64235,WY
Casper,Wyoming,55261,56092,57684,59487,59673,60014,58933,57851,57515,57931,WY
Charleston,West Virginia,51274,50992,50858,50657,50133,49457,48789,48040,47172,46536,WV
